<?xml version="1.0" encoding="UTF-8"?>
<project-private xmlns="http://www.netbeans.org/ns/project-private/1">
    <editor-bookmarks xmlns="http://www.netbeans.org/ns/editor-bookmarks/2" lastBookmarkId="0"/>
    <open-files xmlns="http://www.netbeans.org/ns/projectui-open-files/1">
        <file>file:/C:/xampp/htdocs/week5a/color.txt</file>
        <file>file:/C:/xampp/htdocs/week5a/color.php</file>
        <file>file:/C:/xampp/htdocs/week5a/index.php</file>
        <file>file:/C:/xampp/htdocs/week5a/file5.php</file>
        <file>file:/C:/xampp/htdocs/week5a/students.txt</file>
    </open-files>
</project-private>
